file,mi,rank
reports_script.py,54.891502284609324,A
scripts/generate-lower-bounds.py,85.85864547741468,A
scripts/generate_settings_schema.py,63.30743333128249,A
scripts/pyright_diff.py,63.14550244107951,A
scripts/test_unc_paths.py,78.86361090692614,A
scripts/generate_sdk_docs.py,74.34079079989276,A
scripts/run-integration-flows.py,83.3051967813272,A
scripts/generate_mintlify_openapi_docs.py,62.813625026811415,A
scripts/generate_integration_package_tests_matrix.py,67.7397066399682,A
scripts/wait-for-server.py,82.79684227084627,A
scripts/validate_collection_view_content.py,58.377140308647185,A
scripts/generate_settings_ref.py,49.314057773094376,A
scripts/generate_oss_openapi_schema.py,100.0,A
scripts/generate_cli_docs.py,58.39912777057385,A
scripts/collections-manager,59.629662934505774,A
scripts/proxy-test/client.py,63.69150300280243,A
scripts/proxy-test/server.py,100.0,A
docs/conftest.py,72.20488582072743,A
docs/myproject/cool.py,100.0,A
docs/myproject/utils.py,100.0,A
docs/myproject/flows.py,100.0,A
docs/myproject/tasks.py,100.0,A
docs/myproject/db.py,100.0,A
flows/serve_a_flow.py,52.652219040342814,A
flows/docker_deploy.py,77.71126818904995,A
flows/flow_pauses.py,61.61281259979634,A
flows/hello_world.py,76.55471099040834,A
flows/task_results.py,68.46278807282029,A
flows/load_flows_concurrently.py,75.99291305605793,A
flows/worker.py,54.004544404808364,A
flows/check_output_of_interrupted_serve.py,76.12188129882851,A
flows/client_context_lifespan.py,57.50314358473222,A
flows/deploy.py,60.76524280120162,A
flows/schedule_statefulness.py,79.22411620488501,A
flows/hello_tasks.py,65.6619697891419,A
flows/flow_retries.py,55.963757439726585,A
flows/flow_retries_with_subflows.py,72.18314373564138,A
flows/concurrent_subflows.py,69.06543096516874,A
flows/secret_block.py,65.3195580684234,A
flows/flow_results.py,63.625729643551296,A
flows/setup_logging.py,91.74226763777375,A
flows/task_retries.py,60.94334034003491,A
flows/automation-assessments.py,52.60708364135597,A
load_testing/track_cnx.py,48.70294786077342,A
tools/write_build_info.py,81.31711638276593,A
client/client_flow.py,90.75523158360919,A
benches/__main__.py,70.26959639419826,A
benches/bench_tasks.py,100.0,A
benches/bench_flows.py,68.885820303633,A
benches/bench_import.py,100.0,A
benches/bench_cli.py,100.0,A
src/integrations/prefect-dask/prefect_dask/utils.py,73.51174558622732,A
src/integrations/prefect-dask/prefect_dask/client.py,65.94268596964832,A
src/integrations/prefect-dask/prefect_dask/task_runners.py,55.64719100248826,A
src/integrations/prefect-dask/prefect_dask/__init__.py,100.0,A
src/integrations/prefect-dask/prefect_dask/_version.py,100.0,A
src/integrations/prefect-azure/prefect_azure/cosmos_db.py,100.0,A
src/integrations/prefect-azure/prefect_azure/blob_storage.py,53.00916323727156,A
src/integrations/prefect-azure/prefect_azure/container_instance.py,100.0,A
src/integrations/prefect-azure/prefect_azure/credentials.py,54.53388872667416,A
src/integrations/prefect-azure/prefect_azure/__init__.py,100.0,A
src/integrations/prefect-azure/prefect_azure/_version.py,100.0,A
src/integrations/prefect-azure/prefect_azure/ml_datastore.py,68.94922867431099,A
src/integrations/prefect-azure/prefect_azure/deployments/__init__.py,100.0,A
src/integrations/prefect-azure/prefect_azure/deployments/steps.py,54.617986949817926,A
src/integrations/prefect-azure/prefect_azure/workers/container_instance.py,43.83190684167837,A
src/integrations/prefect-azure/prefect_azure/workers/__init__.py,100.0,A
src/integrations/prefect-redis/prefect_redis/blocks.py,73.50094176071713,A
src/integrations/prefect-redis/prefect_redis/client.py,63.61959016030988,A
src/integrations/prefect-redis/prefect_redis/locking.py,67.45816023380466,A
src/integrations/prefect-redis/prefect_redis/__init__.py,100.0,A
src/integrations/prefect-redis/prefect_redis/messaging.py,36.6918022294687,A
src/integrations/prefect-redis/prefect_redis/tasks.py,100.0,A
src/integrations/prefect-redis/prefect_redis/ordering.py,57.99461155950329,A
src/integrations/prefect-redis/prefect_redis/_version.py,100.0,A
src/integrations/prefect-github/prefect_github/repository_owner.py,84.68670327327206,A
src/integrations/prefect-github/prefect_github/utils.py,85.87089881279928,A
src/integrations/prefect-github/prefect_github/graphql.py,74.52119797562348,A
src/integrations/prefect-github/prefect_github/user.py,62.11179832041367,A
src/integrations/prefect-github/prefect_github/credentials.py,88.39395385292147,A
src/integrations/prefect-github/prefect_github/__init__.py,100.0,A
src/integrations/prefect-github/prefect_github/exceptions.py,100.0,A
src/integrations/prefect-github/prefect_github/repository.py,52.28853479512148,A
src/integrations/prefect-github/prefect_github/_version.py,100.0,A
src/integrations/prefect-github/prefect_github/mutations.py,74.12172521131303,A
src/integrations/prefect-github/prefect_github/viewer.py,61.90067037679527,A
src/integrations/prefect-github/prefect_github/organization.py,63.947849804421196,A
src/integrations/prefect-github/prefect_github/schemas/graphql_schema.py,26.68674489123742,A
src/integrations/prefect-github/prefect_github/schemas/__init__.py,100.0,A
src/integrations/prefect-dbt/prefect_dbt/utilities.py,90.7219448158625,A
src/integrations/prefect-dbt/prefect_dbt/__init__.py,79.95311282993458,A
src/integrations/prefect-dbt/prefect_dbt/_version.py,100.0,A
src/integrations/prefect-dbt/prefect_dbt/core/runner.py,42.31351620880564,A
src/integrations/prefect-dbt/prefect_dbt/core/__init__.py,100.0,A
src/integrations/prefect-dbt/prefect_dbt/core/profiles.py,78.16368286018137,A
src/integrations/prefect-dbt/prefect_dbt/core/settings.py,98.03801014973521,A
src/integrations/prefect-dbt/prefect_dbt/cloud/jobs.py,36.74025782544091,A
src/integrations/prefect-dbt/prefect_dbt/cloud/utils.py,100.0,A
src/integrations/prefect-dbt/prefect_dbt/cloud/credentials.py,53.57640542898184,A
src/integrations/prefect-dbt/prefect_dbt/cloud/__init__.py,100.0,A
src/integrations/prefect-dbt/prefect_dbt/cloud/exceptions.py,100.0,A
src/integrations/prefect-dbt/prefect_dbt/cloud/runs.py,66.13201616584001,A
src/integrations/prefect-dbt/prefect_dbt/cloud/models.py,100.0,A
src/integrations/prefect-dbt/prefect_dbt/cloud/clients.py,78.51669065231653,A
src/integrations/prefect-dbt/prefect_dbt/cli/credentials.py,100.0,A
src/integrations/prefect-dbt/prefect_dbt/cli/__init__.py,100.0,A
src/integrations/prefect-dbt/prefect_dbt/cli/commands.py,44.42807260505896,A
src/integrations/prefect-dbt/prefect_dbt/cli/configs/bigquery.py,74.4158125478352,A
src/integrations/prefect-dbt/prefect_dbt/cli/configs/snowflake.py,78.86230825781158,A
src/integrations/prefect-dbt/prefect_dbt/cli/configs/base.py,59.49988839608141,A
src/integrations/prefect-dbt/prefect_dbt/cli/configs/postgres.py,81.0725212199148,A
src/integrations/prefect-dbt/prefect_dbt/cli/configs/__init__.py,100.0,A
src/integrations/prefect-docker/prefect_docker/containers.py,67.94122436254463,A
src/integrations/prefect-docker/prefect_docker/worker.py,39.999958261115125,A
src/integrations/prefect-docker/prefect_docker/credentials.py,100.0,A
src/integrations/prefect-docker/prefect_docker/__init__.py,100.0,A
src/integrations/prefect-docker/prefect_docker/_version.py,100.0,A
src/integrations/prefect-docker/prefect_docker/types.py,74.22299323006068,A
src/integrations/prefect-docker/prefect_docker/images.py,84.71418848668678,A
src/integrations/prefect-docker/prefect_docker/host.py,84.57849316798237,A
src/integrations/prefect-docker/prefect_docker/deployments/__init__.py,100.0,A
src/integrations/prefect-docker/prefect_docker/deployments/steps.py,53.68118372100829,A
src/integrations/prefect-snowflake/prefect_snowflake/database.py,51.713486064233074,A
src/integrations/prefect-snowflake/prefect_snowflake/credentials.py,55.99395679430613,A
src/integrations/prefect-snowflake/prefect_snowflake/__init__.py,100.0,A
src/integrations/prefect-snowflake/prefect_snowflake/_version.py,100.0,A
src/integrations/prefect-gitlab/prefect_gitlab/repositories.py,73.2080172333632,A
src/integrations/prefect-gitlab/prefect_gitlab/credentials.py,100.0,A
src/integrations/prefect-gitlab/prefect_gitlab/__init__.py,100.0,A
src/integrations/prefect-gitlab/prefect_gitlab/_version.py,100.0,A
src/integrations/prefect-gcp/prefect_gcp/bigquery.py,48.15386083329897,A
src/integrations/prefect-gcp/prefect_gcp/utilities.py,60.45262530164572,A
src/integrations/prefect-gcp/prefect_gcp/credentials.py,55.645155821781344,A
src/integrations/prefect-gcp/prefect_gcp/__init__.py,100.0,A
src/integrations/prefect-gcp/prefect_gcp/cloud_storage.py,41.203480445186266,A
src/integrations/prefect-gcp/prefect_gcp/_version.py,100.0,A
src/integrations/prefect-gcp/prefect_gcp/secret_manager.py,67.2933805616623,A
src/integrations/prefect-gcp/prefect_gcp/deployments/__init__.py,100.0,A
src/integrations/prefect-gcp/prefect_gcp/deployments/steps.py,67.4033223763036,A
src/integrations/prefect-gcp/prefect_gcp/models/cloud_run_v2.py,61.61907809351506,A
src/integrations/prefect-gcp/prefect_gcp/models/__init__.py,100.0,A
src/integrations/prefect-gcp/prefect_gcp/workers/cloud_run_v2.py,46.29535564076591,A
src/integrations/prefect-gcp/prefect_gcp/workers/cloud_run.py,53.961169357950176,A
src/integrations/prefect-gcp/prefect_gcp/workers/vertex.py,49.5719556534709,A
src/integrations/prefect-gcp/prefect_gcp/workers/__init__.py,100.0,A
src/integrations/prefect-slack/prefect_slack/messages.py,100.0,A
src/integrations/prefect-slack/prefect_slack/credentials.py,85.83216894770582,A
src/integrations/prefect-slack/prefect_slack/__init__.py,100.0,A
src/integrations/prefect-slack/prefect_slack/_version.py,100.0,A
src/integrations/prefect-sqlalchemy/prefect_sqlalchemy/database.py,49.86400298027813,A
src/integrations/prefect-sqlalchemy/prefect_sqlalchemy/credentials.py,78.72489357236569,A
src/integrations/prefect-sqlalchemy/prefect_sqlalchemy/__init__.py,100.0,A
src/integrations/prefect-sqlalchemy/prefect_sqlalchemy/_version.py,100.0,A
src/integrations/prefect-email/prefect_email/credentials.py,68.27519756903295,A
src/integrations/prefect-email/prefect_email/__init__.py,100.0,A
src/integrations/prefect-email/prefect_email/_version.py,100.0,A
src/integrations/prefect-email/prefect_email/message.py,79.98560188708393,A
src/integrations/prefect-aws/prefect_aws/secrets_manager.py,51.44560543986511,A
src/integrations/prefect-aws/prefect_aws/client_waiter.py,75.0327359538709,A
src/integrations/prefect-aws/prefect_aws/utilities.py,70.78942339038714,A
src/integrations/prefect-aws/prefect_aws/client_parameters.py,62.11383001883816,A
src/integrations/prefect-aws/prefect_aws/lambda_function.py,65.01936513795559,A
src/integrations/prefect-aws/prefect_aws/credentials.py,78.57481231266053,A
src/integrations/prefect-aws/prefect_aws/__init__.py,100.0,A
src/integrations/prefect-aws/prefect_aws/batch.py,100.0,A
src/integrations/prefect-aws/prefect_aws/_version.py,100.0,A
src/integrations/prefect-aws/prefect_aws/glue_job.py,79.43279985819849,A
src/integrations/prefect-aws/prefect_aws/s3.py,30.30089868088728,A
src/integrations/prefect-aws/prefect_aws/deployments/__init__.py,100.0,A
src/integrations/prefect-aws/prefect_aws/deployments/steps.py,70.35482606008595,A
src/integrations/prefect-aws/prefect_aws/workers/ecs_worker.py,10.09261433795794,B
src/integrations/prefect-aws/prefect_aws/workers/__init__.py,100.0,A
src/integrations/prefect-aws/prefect_aws/experimental/__init__.py,100.0,A
src/integrations/prefect-aws/prefect_aws/experimental/bundles/upload.py,83.35321834322245,A
src/integrations/prefect-aws/prefect_aws/experimental/bundles/__init__.py,100.0,A
src/integrations/prefect-aws/prefect_aws/experimental/bundles/execute.py,82.82764895154504,A
src/integrations/prefect-bitbucket/prefect_bitbucket/credentials.py,79.63435381728775,A
src/integrations/prefect-bitbucket/prefect_bitbucket/__init__.py,100.0,A
src/integrations/prefect-bitbucket/prefect_bitbucket/repository.py,70.95757973279241,A
src/integrations/prefect-bitbucket/prefect_bitbucket/_version.py,100.0,A
src/integrations/prefect-kubernetes/integration_tests/src/prefect_kubernetes_integration_tests/conftest.py,100.0,A
src/integrations/prefect-kubernetes/integration_tests/src/prefect_kubernetes_integration_tests/__init__.py,100.0,A
src/integrations/prefect-kubernetes/integration_tests/src/prefect_kubernetes_integration_tests/test_eviction.py,58.60939853069054,A
src/integrations/prefect-kubernetes/integration_tests/src/prefect_kubernetes_integration_tests/utils/prefect_core.py,60.78580722080531,A
src/integrations/prefect-kubernetes/integration_tests/src/prefect_kubernetes_integration_tests/utils/k8s.py,52.47456713595398,A
src/integrations/prefect-kubernetes/integration_tests/src/prefect_kubernetes_integration_tests/utils/display.py,67.73793339912064,A
src/integrations/prefect-kubernetes/prefect_kubernetes/jobs.py,62.85200536911051,A
src/integrations/prefect-kubernetes/prefect_kubernetes/pods.py,72.88588971969737,A
src/integrations/prefect-kubernetes/prefect_kubernetes/utilities.py,78.47832058934694,A
src/integrations/prefect-kubernetes/prefect_kubernetes/flows.py,100.0,A
src/integrations/prefect-kubernetes/prefect_kubernetes/worker.py,22.5474951249131,A
src/integrations/prefect-kubernetes/prefect_kubernetes/credentials.py,74.17145484627787,A
src/integrations/prefect-kubernetes/prefect_kubernetes/__init__.py,100.0,A
src/integrations/prefect-kubernetes/prefect_kubernetes/deployments.py,100.0,A
src/integrations/prefect-kubernetes/prefect_kubernetes/exceptions.py,100.0,A
src/integrations/prefect-kubernetes/prefect_kubernetes/services.py,100.0,A
src/integrations/prefect-kubernetes/prefect_kubernetes/_version.py,100.0,A
src/integrations/prefect-kubernetes/prefect_kubernetes/custom_objects.py,100.0,A
src/integrations/prefect-kubernetes/prefect_kubernetes/events.py,57.46494947979608,A
src/integrations/prefect-kubernetes/prefect_kubernetes/settings.py,100.0,A
src/integrations/prefect-kubernetes/prefect_kubernetes/experimental/decorators.py,100.0,A
src/integrations/prefect-ray/prefect_ray/context.py,100.0,A
src/integrations/prefect-ray/prefect_ray/task_runners.py,60.52123182291544,A
src/integrations/prefect-ray/prefect_ray/__init__.py,100.0,A
src/integrations/prefect-ray/prefect_ray/_version.py,100.0,A
src/integrations/prefect-shell/prefect_shell/__init__.py,100.0,A
src/integrations/prefect-shell/prefect_shell/_version.py,100.0,A
src/integrations/prefect-shell/prefect_shell/commands.py,56.0955295275815,A
src/integrations/prefect-databricks/prefect_databricks/jobs.py,100.0,A
src/integrations/prefect-databricks/prefect_databricks/flows.py,60.711505669194544,A
src/integrations/prefect-databricks/prefect_databricks/credentials.py,85.31460837016199,A
src/integrations/prefect-databricks/prefect_databricks/__init__.py,100.0,A
src/integrations/prefect-databricks/prefect_databricks/rest.py,72.13359679571,A
src/integrations/prefect-databricks/prefect_databricks/_version.py,100.0,A
src/integrations/prefect-databricks/prefect_databricks/models/jobs.py,100.0,A
src/integrations/prefect-databricks/prefect_databricks/models/__init__.py,100.0,A
src/prefect/flow_engine.py,1.7894179789808724,C
src/prefect/artifacts.py,55.69429720308724,A
src/prefect/__main__.py,84.58174335197131,A
src/prefect/_build_info.py,100.0,A
src/prefect/context.py,47.7621035971177,A
src/prefect/variables.py,71.21041619250057,A
src/prefect/cache_policies.py,46.09685602444254,A
src/prefect/flow_runs.py,56.88596244421734,A
src/prefect/serializers.py,65.50205165014292,A
src/prefect/states.py,33.62740483060429,A
src/prefect/filesystems.py,40.65842659420313,A
src/prefect/task_engine.py,0.0,C
src/prefect/flows.py,9.185615288461607,B
src/prefect/task_runs.py,65.43074833448345,A
src/prefect/agent.py,100.0,A
src/prefect/task_runners.py,47.538291898908724,A
src/prefect/main.py,100.0,A
src/prefect/_result_records.py,59.00385039959241,A
src/prefect/__init__.py,64.0358384870206,A
src/prefect/schedules.py,69.84205347664785,A
src/prefect/exceptions.py,62.371375380310205,A
src/prefect/tasks.py,23.652276293928644,A
src/prefect/automations.py,53.149113724953814,A
src/prefect/_waiters.py,64.28866372493171,A
src/prefect/plugins.py,85.70470567545208,A
src/prefect/transactions.py,41.37186495165695,A
src/prefect/futures.py,40.43891725652365,A
src/prefect/results.py,28.146835930113745,A
src/prefect/engine.py,73.24427988326967,A
src/prefect/task_worker.py,40.558906710931936,A
src/prefect/input/__init__.py,100.0,A
src/prefect/input/run_input.py,44.03562621792077,A
src/prefect/input/actions.py,67.3428736367444,A
src/prefect/deployments/runner.py,29.17844589212833,A
src/prefect/deployments/flow_runs.py,64.98442933490598,A
src/prefect/deployments/base.py,54.24971193565601,A
src/prefect/deployments/__init__.py,74.9886148161713,A
src/prefect/deployments/deployments.py,100.0,A
src/prefect/deployments/schedules.py,57.67687717656896,A
src/prefect/deployments/steps/pull.py,71.40324380115682,A
src/prefect/deployments/steps/utility.py,72.33988197444856,A
src/prefect/deployments/steps/__init__.py,100.0,A
src/prefect/deployments/steps/core.py,66.4559761427798,A
src/prefect/locking/protocol.py,100.0,A
src/prefect/locking/__init__.py,100.0,A
src/prefect/locking/memory.py,48.31198505608267,A
src/prefect/locking/filesystem.py,41.28025881392299,A
src/prefect/settings/context.py,90.59356796712036,A
src/prefect/settings/base.py,52.45496565700831,A
src/prefect/settings/legacy.py,47.62372343813966,A
src/prefect/settings/sources.py,38.71634508085135,A
src/prefect/settings/__init__.py,100.0,A
src/prefect/settings/constants.py,76.68921391438496,A
src/prefect/settings/profiles.py,52.3788517912282,A
src/prefect/settings/models/runner.py,100.0,A
src/prefect/settings/models/cli.py,100.0,A
src/prefect/settings/models/experiments.py,100.0,A
src/prefect/settings/models/flows.py,100.0,A
src/prefect/settings/models/client.py,100.0,A
src/prefect/settings/models/worker.py,100.0,A
src/prefect/settings/models/logging.py,74.20724955468437,A
src/prefect/settings/models/__init__.py,100.0,A
src/prefect/settings/models/deployments.py,100.0,A
src/prefect/settings/models/tasks.py,100.0,A
src/prefect/settings/models/root.py,39.89401699259038,A
src/prefect/settings/models/api.py,100.0,A
src/prefect/settings/models/testing.py,100.0,A
src/prefect/settings/models/cloud.py,80.65249236403527,A
src/prefect/settings/models/internal.py,100.0,A
src/prefect/settings/models/results.py,100.0,A
src/prefect/settings/models/server/database.py,55.444847688693585,A
src/prefect/settings/models/server/ui.py,100.0,A
src/prefect/settings/models/server/ephemeral.py,100.0,A
src/prefect/settings/models/server/__init__.py,100.0,A
src/prefect/settings/models/server/deployments.py,100.0,A
src/prefect/settings/models/server/tasks.py,100.0,A
src/prefect/settings/models/server/root.py,100.0,A
src/prefect/settings/models/server/services.py,100.0,A
src/prefect/settings/models/server/flow_run_graph.py,100.0,A
src/prefect/settings/models/server/api.py,100.0,A
src/prefect/settings/models/server/events.py,100.0,A
src/prefect/blocks/webhook.py,86.95187055639788,A
src/prefect/blocks/system.py,100.0,A
src/prefect/blocks/abstract.py,57.96958082485233,A
src/prefect/blocks/__init__.py,100.0,A
src/prefect/blocks/redis.py,77.61410245059812,A
src/prefect/blocks/notifications.py,47.854476721096894,A
src/prefect/blocks/fields.py,100.0,A
src/prefect/blocks/core.py,15.64021337752973,B
src/prefect/utilities/compat.py,99.33151278275987,A
src/prefect/utilities/collections.py,46.31427964728657,A
src/prefect/utilities/math.py,76.3268015265796,A
src/prefect/utilities/context.py,100.0,A
src/prefect/utilities/urls.py,54.398612473636234,A
src/prefect/utilities/_deprecated.py,100.0,A
src/prefect/utilities/names.py,84.70402916477381,A
src/prefect/utilities/visualization.py,65.32811261340495,A
src/prefect/utilities/__init__.py,100.0,A
src/prefect/utilities/callables.py,42.507539341835205,A
src/prefect/utilities/services.py,69.74489229413356,A
src/prefect/utilities/text.py,58.13680466891509,A
src/prefect/utilities/processutils.py,45.54775476085162,A
src/prefect/utilities/annotations.py,81.05371669379527,A
src/prefect/utilities/generics.py,100.0,A
src/prefect/utilities/slugify.py,100.0,A
src/prefect/utilities/dispatch.py,67.3680260576804,A
src/prefect/utilities/pydantic.py,59.692570156486916,A
src/prefect/utilities/render_swagger.py,62.190442022980726,A
src/prefect/utilities/timeout.py,57.8298534125452,A
src/prefect/utilities/asyncutils.py,56.436977660031054,A
src/prefect/utilities/_git.py,93.11884400536505,A
src/prefect/utilities/hashing.py,100.0,A
src/prefect/utilities/importtools.py,45.41249505832244,A
src/prefect/utilities/engine.py,39.71487501481011,A
src/prefect/utilities/filesystem.py,64.88958712196337,A
src/prefect/utilities/dockerutils.py,40.481989804644904,A
src/prefect/utilities/templating.py,48.809392478251965,A
src/prefect/utilities/_engine.py,60.272517527049054,A
src/prefect/utilities/schema_tools/hydration.py,40.054912203231964,A
src/prefect/utilities/schema_tools/validation.py,45.29136324834442,A
src/prefect/utilities/schema_tools/__init__.py,100.0,A
src/prefect/docker/docker_image.py,75.96241032884222,A
src/prefect/docker/__init__.py,71.31392542791153,A
src/prefect/workers/block.py,100.0,A
src/prefect/workers/utilities.py,76.84827568702292,A
src/prefect/workers/process.py,62.735496459324374,A
src/prefect/workers/base.py,9.265740452717303,B
src/prefect/workers/__init__.py,100.0,A
src/prefect/workers/server.py,92.87844092375641,A
src/prefect/workers/cloud.py,100.0,A
src/prefect/_vendor/croniter/__init__.py,100.0,A
src/prefect/_vendor/croniter/croniter.py,0.0,C
src/prefect/_internal/_logging.py,91.23927913103581,A
src/prefect/_internal/__init__.py,100.0,A
src/prefect/_internal/integrations.py,100.0,A
src/prefect/_internal/retries.py,80.53305480244865,A
src/prefect/_internal/pytz.py,100.0,A
src/prefect/_internal/pydantic/v2_schema.py,65.46012869267747,A
src/prefect/_internal/pydantic/v1_schema.py,75.02958828045826,A
src/prefect/_internal/pydantic/schemas.py,100.0,A
src/prefect/_internal/pydantic/v2_validated_func.py,63.017329643970896,A
src/prefect/_internal/pydantic/__init__.py,100.0,A
src/prefect/_internal/pydantic/annotations/pendulum.py,100.0,A
src/prefect/_internal/pydantic/annotations/__init__.py,100.0,A
src/prefect/_internal/schemas/serializers.py,94.52496985713381,A
src/prefect/_internal/schemas/bases.py,73.92481851760179,A
src/prefect/_internal/schemas/__init__.py,100.0,A
src/prefect/_internal/schemas/validators.py,34.44097866404774,A
src/prefect/_internal/schemas/fields.py,100.0,A
src/prefect/_internal/compatibility/migration.py,76.75436212742449,A
src/prefect/_internal/compatibility/deprecated.py,63.51153625358769,A
src/prefect/_internal/compatibility/__init__.py,100.0,A
src/prefect/_internal/compatibility/async_dispatch.py,74.3648546180585,A
src/prefect/_internal/concurrency/threads.py,50.3853169558585,A
src/prefect/_internal/concurrency/calls.py,47.92113569924024,A
src/prefect/_internal/concurrency/event_loop.py,83.41538478735981,A
src/prefect/_internal/concurrency/__init__.py,100.0,A
src/prefect/_internal/concurrency/services.py,48.238052445825616,A
src/prefect/_internal/concurrency/waiters.py,55.25046346277195,A
src/prefect/_internal/concurrency/primitives.py,85.22264964126667,A
src/prefect/_internal/concurrency/api.py,60.20859979788868,A
src/prefect/_internal/concurrency/cancellation.py,41.467367869965805,A
src/prefect/_internal/concurrency/inspection.py,75.93486612170355,A
src/prefect/types/_datetime.py,100.0,A
src/prefect/types/__init__.py,52.3659609955609,A
src/prefect/types/entrypoint.py,100.0,A
src/prefect/concurrency/context.py,100.0,A
src/prefect/concurrency/sync.py,84.26926122635042,A
src/prefect/concurrency/__init__.py,100.0,A
src/prefect/concurrency/services.py,49.857126860208645,A
src/prefect/concurrency/asyncio.py,85.2839409359911,A
src/prefect/concurrency/_events.py,67.60605454231063,A
src/prefect/concurrency/_asyncio.py,61.86888158154534,A
src/prefect/concurrency/v1/context.py,100.0,A
src/prefect/concurrency/v1/sync.py,87.98212287420677,A
src/prefect/concurrency/v1/__init__.py,100.0,A
src/prefect/concurrency/v1/services.py,70.02653243948629,A
src/prefect/concurrency/v1/asyncio.py,82.889205902913,A
src/prefect/concurrency/v1/_events.py,67.60605454231063,A
src/prefect/concurrency/v1/_asyncio.py,61.19232614768266,A
src/prefect/telemetry/instrumentation.py,59.86847713953432,A
src/prefect/telemetry/bootstrap.py,68.72361644855027,A
src/prefect/telemetry/logging.py,100.0,A
src/prefect/telemetry/__init__.py,100.0,A
src/prefect/telemetry/services.py,100.0,A
src/prefect/telemetry/run_telemetry.py,56.811088915432954,A
src/prefect/telemetry/processors.py,64.47791359643604,A
src/prefect/runner/runner.py,7.117105230250444,C
src/prefect/runner/utils.py,84.725152890667,A
src/prefect/runner/__init__.py,100.0,A
src/prefect/runner/submit.py,60.60963570972493,A
src/prefect/runner/server.py,52.84247838942424,A
src/prefect/runner/storage.py,31.846546438880285,A
src/prefect/infrastructure/base.py,100.0,A
src/prefect/infrastructure/__init__.py,100.0,A
src/prefect/infrastructure/provisioners/ecs.py,25.01645464814197,A
src/prefect/infrastructure/provisioners/cloud_run.py,33.18024627742307,A
src/prefect/infrastructure/provisioners/container_instance.py,40.789200310666644,A
src/prefect/infrastructure/provisioners/modal.py,62.48246417103356,A
src/prefect/infrastructure/provisioners/coiled.py,61.99164505617379,A
src/prefect/infrastructure/provisioners/__init__.py,88.95940811957792,A
src/prefect/_experimental/__init__.py,100.0,A
src/prefect/_experimental/bundles.py,71.48920151818216,A
src/prefect/_experimental/lineage.py,63.240230259629435,A
src/prefect/_experimental/sla/objects.py,100.0,A
src/prefect/_experimental/sla/client.py,100.0,A
src/prefect/_experimental/sla/__init__.py,100.0,A
src/prefect/client/collections.py,95.1209100183847,A
src/prefect/client/utilities.py,75.7457742625411,A
src/prefect/client/base.py,43.24217480744439,A
src/prefect/client/__init__.py,100.0,A
src/prefect/client/subscriptions.py,42.45915430148959,A
src/prefect/client/constants.py,100.0,A
src/prefect/client/cloud.py,49.7449720079,A
src/prefect/client/orchestration/base.py,100.0,A
src/prefect/client/orchestration/__init__.py,19.00240306601401,A
src/prefect/client/orchestration/routes.py,100.0,A
src/prefect/client/orchestration/_logs/client.py,81.17616238593179,A
src/prefect/client/orchestration/_logs/__init__.py,100.0,A
src/prefect/client/orchestration/_variables/client.py,68.45124476618618,A
src/prefect/client/orchestration/_variables/__init__.py,100.0,A
src/prefect/client/orchestration/_artifacts/client.py,46.75498140937564,A
src/prefect/client/orchestration/_artifacts/__init__.py,100.0,A
src/prefect/client/orchestration/_flow_runs/client.py,45.367429413941785,A
src/prefect/client/orchestration/_flow_runs/__init__.py,100.0,A
src/prefect/client/orchestration/_automations/client.py,45.93126543737791,A
src/prefect/client/orchestration/_automations/__init__.py,100.0,A
src/prefect/client/orchestration/_blocks_schemas/client.py,72.38639135626822,A
src/prefect/client/orchestration/_blocks_schemas/__init__.py,100.0,A
src/prefect/client/orchestration/_blocks_types/client.py,58.83904707274237,A
src/prefect/client/orchestration/_blocks_types/__init__.py,100.0,A
src/prefect/client/orchestration/_blocks_documents/client.py,67.05546458183586,A
src/prefect/client/orchestration/_blocks_documents/__init__.py,100.0,A
src/prefect/client/orchestration/_work_pools/client.py,50.2719188470761,A
src/prefect/client/orchestration/_work_pools/__init__.py,100.0,A
src/prefect/client/orchestration/_concurrency_limits/client.py,47.82710165909007,A
src/prefect/client/orchestration/_concurrency_limits/__init__.py,100.0,A
src/prefect/client/orchestration/_deployments/client.py,34.42262188801549,A
src/prefect/client/orchestration/_deployments/__init__.py,100.0,A
src/prefect/client/orchestration/_flows/client.py,71.76227359676074,A
src/prefect/client/orchestration/_flows/__init__.py,100.0,A
src/prefect/client/schemas/responses.py,54.21566498130258,A
src/prefect/client/schemas/objects.py,24.557633233967433,A
src/prefect/client/schemas/sorting.py,100.0,A
src/prefect/client/schemas/__init__.py,59.71945217772149,A
src/prefect/client/schemas/filters.py,100.0,A
src/prefect/client/schemas/schedules.py,51.61763588301874,A
src/prefect/client/schemas/actions.py,29.30276733478268,A
src/prefect/client/types/flexible_schedule_list.py,100.0,A
src/prefect/client/types/__init__.py,100.0,A
src/prefect/cli/config.py,48.87357272635397,A
src/prefect/cli/flow.py,65.22450642026924,A
src/prefect/cli/dashboard.py,92.80199692838022,A
src/prefect/cli/variable.py,68.75286627805028,A
src/prefect/cli/block.py,39.74331559887038,A
src/prefect/cli/deployment.py,22.421871756789336,A
src/prefect/cli/global_concurrency_limit.py,56.3451350180087,A
src/prefect/cli/_prompts.py,23.909549829714077,A
src/prefect/cli/shell.py,70.09186088008843,A
src/prefect/cli/flow_run.py,47.23338099755732,A
src/prefect/cli/worker.py,47.62145245782295,A
src/prefect/cli/artifact.py,70.51117871682952,A
src/prefect/cli/dev.py,50.351541345925234,A
src/prefect/cli/__init__.py,100.0,A
src/prefect/cli/work_queue.py,38.61739084129164,A
src/prefect/cli/deploy.py,0.0,C
src/prefect/cli/task_run.py,55.88201916946208,A
src/prefect/cli/work_pool.py,44.42754203204415,A
src/prefect/cli/root.py,59.323407599453084,A
src/prefect/cli/_utilities.py,100.0,A
src/prefect/cli/server.py,29.927785764602007,A
src/prefect/cli/task.py,89.96108590879807,A
src/prefect/cli/events.py,66.48757988219222,A
src/prefect/cli/profile.py,42.12813938073751,A
src/prefect/cli/_types.py,69.3795995399361,A
src/prefect/cli/concurrency_limit.py,70.29479751923901,A
src/prefect/cli/cloud/webhook.py,67.03140658493157,A
src/prefect/cli/cloud/__init__.py,28.29299985664266,A
src/prefect/cli/cloud/ip_allowlist.py,43.63800935519627,A
src/prefect/server/task_queue.py,61.59710500016586,A
src/prefect/server/__init__.py,100.0,A
src/prefect/server/exceptions.py,100.0,A
src/prefect/server/api/flow_run_notification_policies.py,80.27316371341696,A
src/prefect/server/api/block_capabilities.py,100.0,A
src/prefect/server/api/artifacts.py,69.7292838349216,A
src/prefect/server/api/collections.py,49.32667549498222,A
src/prefect/server/api/middleware.py,79.22135315039124,A
src/prefect/server/api/block_documents.py,69.32628200272109,A
src/prefect/server/api/variables.py,60.182968239296805,A
src/prefect/server/api/flow_run_states.py,94.07687886924697,A
src/prefect/server/api/saved_searches.py,80.86703954935028,A
src/prefect/server/api/flow_runs.py,40.44525512878621,A
src/prefect/server/api/concurrency_limits.py,57.16609940570282,A
src/prefect/server/api/validation.py,56.76645642051936,A
src/prefect/server/api/admin.py,78.26921383110115,A
src/prefect/server/api/flows.py,67.1547561752446,A
src/prefect/server/api/task_runs.py,54.68824072743482,A
src/prefect/server/api/csrf_token.py,65.15046427499539,A
src/prefect/server/api/__init__.py,100.0,A
src/prefect/server/api/block_schemas.py,70.25412026314223,A
src/prefect/server/api/deployments.py,35.70133215206565,A
src/prefect/server/api/block_types.py,66.17651596699912,A
src/prefect/server/api/root.py,100.0,A
src/prefect/server/api/work_queues.py,69.74780148826751,A
src/prefect/server/api/server.py,31.747293726681765,A
src/prefect/server/api/dependencies.py,64.11524114778912,A
src/prefect/server/api/automations.py,49.35614862711287,A
src/prefect/server/api/workers.py,56.46641672128447,A
src/prefect/server/api/run_history.py,72.79204471773954,A
src/prefect/server/api/logs.py,100.0,A
src/prefect/server/api/task_workers.py,90.45544531670787,A
src/prefect/server/api/events.py,55.80622849864254,A
src/prefect/server/api/templates.py,100.0,A
src/prefect/server/api/concurrency_limits_v2.py,44.87676228309103,A
src/prefect/server/api/clients.py,47.59035204470239,A
src/prefect/server/api/task_run_states.py,94.07687886924697,A
src/prefect/server/api/ui/flow_runs.py,70.47769508385798,A
src/prefect/server/api/ui/schemas.py,100.0,A
src/prefect/server/api/ui/flows.py,67.35652811405362,A
src/prefect/server/api/ui/task_runs.py,63.51066760868311,A
src/prefect/server/api/ui/__init__.py,100.0,A
src/prefect/server/services/scheduler.py,64.41486372627158,A
src/prefect/server/services/cancellation_cleanup.py,58.52453312267526,A
src/prefect/server/services/base.py,55.30558815046185,A
src/prefect/server/services/flow_run_notifications.py,72.22472904849911,A
src/prefect/server/services/__init__.py,100.0,A
src/prefect/server/services/pause_expirations.py,75.59150666270682,A
src/prefect/server/services/task_run_recorder.py,41.58005403748425,A
src/prefect/server/services/telemetry.py,70.51888205283836,A
src/prefect/server/services/late_runs.py,74.2094086792049,A
src/prefect/server/services/foreman.py,64.7854279328301,A
src/prefect/server/utilities/http.py,88.12257384718201,A
src/prefect/server/utilities/encryption.py,81.70864003584772,A
src/prefect/server/utilities/user_templates.py,52.47455313247136,A
src/prefect/server/utilities/database.py,46.535694849100814,A
src/prefect/server/utilities/names.py,100.0,A
src/prefect/server/utilities/__init__.py,100.0,A
src/prefect/server/utilities/subscriptions.py,86.79057005476261,A
src/prefect/server/utilities/server.py,79.9846616389636,A
src/prefect/server/utilities/schemas/serializers.py,98.04956124434055,A
src/prefect/server/utilities/schemas/bases.py,68.67652359967767,A
src/prefect/server/utilities/schemas/__init__.py,100.0,A
src/prefect/server/utilities/messaging/__init__.py,68.76481896323284,A
src/prefect/server/utilities/messaging/memory.py,44.818646679518096,A
src/prefect/server/models/flow_run_notification_policies.py,79.1087802634624,A
src/prefect/server/models/artifacts.py,53.9355550998136,A
src/prefect/server/models/flow_run_input.py,54.555088424288286,A
src/prefect/server/models/configuration.py,83.16776136533734,A
src/prefect/server/models/block_documents.py,41.1941363541426,A
src/prefect/server/models/variables.py,70.73838156649954,A
src/prefect/server/models/flow_run_states.py,89.41088646585375,A
src/prefect/server/models/saved_searches.py,80.67153337564436,A
src/prefect/server/models/flow_runs.py,47.732878290174895,A
src/prefect/server/models/concurrency_limits.py,69.11833262870384,A
src/prefect/server/models/flows.py,69.30548934486849,A
src/prefect/server/models/task_runs.py,54.553140448038214,A
src/prefect/server/models/csrf_token.py,83.02125519869556,A
src/prefect/server/models/__init__.py,100.0,A
src/prefect/server/models/block_schemas.py,47.1787567108935,A
src/prefect/server/models/deployments.py,37.40542795926743,A
src/prefect/server/models/block_types.py,71.45484709116568,A
src/prefect/server/models/work_queues.py,50.57426429720005,A
src/prefect/server/models/workers.py,46.614498429026085,A
src/prefect/server/models/logs.py,85.59927452536063,A
src/prefect/server/models/task_workers.py,56.498863445437635,A
src/prefect/server/models/events.py,39.62215129931275,A
src/prefect/server/models/block_registration.py,65.6178572193115,A
src/prefect/server/models/concurrency_limits_v2.py,50.057927212867064,A
src/prefect/server/models/task_run_states.py,88.79055184807402,A
src/prefect/server/orchestration/core_policy.py,12.985323191861319,B
src/prefect/server/orchestration/global_policy.py,49.98275399869774,A
src/prefect/server/orchestration/__init__.py,100.0,A
src/prefect/server/orchestration/rules.py,37.23784380830429,A
src/prefect/server/orchestration/dependencies.py,51.915058890098614,A
src/prefect/server/orchestration/instrumentation_policies.py,74.4069398828758,A
src/prefect/server/orchestration/policies.py,84.45284339864956,A
src/prefect/server/schemas/responses.py,40.07884658324906,A
src/prefect/server/schemas/sorting.py,100.0,A
src/prefect/server/schemas/graph.py,100.0,A
src/prefect/server/schemas/states.py,50.224164244561436,A
src/prefect/server/schemas/statuses.py,100.0,A
src/prefect/server/schemas/__init__.py,100.0,A
src/prefect/server/schemas/filters.py,0.0,C
src/prefect/server/schemas/schedules.py,45.7895522256795,A
src/prefect/server/schemas/actions.py,29.16465154495561,A
src/prefect/server/schemas/internal.py,100.0,A
src/prefect/server/schemas/core.py,28.954698434634352,A
src/prefect/server/database/alembic_commands.py,84.16769906274553,A
src/prefect/server/database/__init__.py,100.0,A
src/prefect/server/database/configurations.py,48.966510650305,A
src/prefect/server/database/dependencies.py,52.524669075997025,A
src/prefect/server/database/orm_models.py,25.892821465137615,A
src/prefect/server/database/interface.py,100.0,A
src/prefect/server/database/query_components.py,29.64077620720507,A
src/prefect/server/database/_migrations/env.py,68.97046202402413,A
src/prefect/server/database/_migrations/versions/postgresql/2022_06_04_133535_d60c18774a5d_add_indexes_for_partial_name_matches.py,100.0,A
src/prefect/server/database/_migrations/versions/postgresql/2022_10_14_172612_ad4b1b4d1e9d_index_deployment_created.py,100.0,A
src/prefect/server/database/_migrations/versions/postgresql/2023_01_26_045500_2882cd2df463_implement_artifact_table.py,100.0,A
src/prefect/server/database/_migrations/versions/postgresql/2024_01_22_120615_8cf4d4933848_create_deployment_schedule_and_add_.py,100.0,A
src/prefect/server/database/_migrations/versions/postgresql/2022_02_13_125213_5f376def75c3_block_data.py,100.0,A
src/prefect/server/database/_migrations/versions/postgresql/2023_04_05_130406_43c94d4c7aa3_add_pull_steps_column_to_deployment.py,100.0,A
src/prefect/server/database/_migrations/versions/postgresql/2022_10_20_101423_3ced59d8806b_add_last_polled.py,100.0,A
src/prefect/server/database/_migrations/versions/postgresql/2023_01_26_045501_2882cd2df465_migrate_artifact_data.py,75.7632197403632,A
src/prefect/server/database/_migrations/versions/postgresql/2022_07_11_170700_112c68143fc3_add_infrastructure_document_id_to_.py,100.0,A
src/prefect/server/database/_migrations/versions/postgresql/2022_07_14_114039_0f27d462bf6d_removing_default_storage_block_document.py,100.0,A
src/prefect/server/database/_migrations/versions/postgresql/2024_03_13_111215_7a653837d9ba_create_csrf_token_toble.py,100.0,A
src/prefect/server/database/_migrations/versions/postgresql/2023_03_01_154651_7d918a392297_remove_flowrun_deployment_fk.py,100.0,A
src/prefect/server/database/_migrations/versions/postgresql/2024_05_01_105401_b23c83a12cb4_add_catchup_fields_to_deploymentschedule.py,100.0,A
src/prefect/server/database/_migrations/versions/postgresql/2023_01_31_110543_f98ae6d8e2cc_work_queue_data_migration.py,57.49584741080057,A
src/prefect/server/database/_migrations/versions/postgresql/2023_03_20_185610_46bd82c6279a_add_index_on_artifact.py,100.0,A
src/prefect/server/database/_migrations/versions/postgresql/2022_05_10_145956_1c9390e2f9c6_replace_version_with_checksum_and_.py,63.95018339105006,A
src/prefect/server/database/_migrations/versions/postgresql/2022_06_17_204409_d335ad57d5ba_add_block_schema_indexes.py,100.0,A
src/prefect/server/database/_migrations/versions/postgresql/2022_02_17_140821_5bff7878e700_add_agents_and_work_queue.py,100.0,A
src/prefect/server/database/_migrations/versions/postgresql/2022_05_12_202952_dc7a3c6fd3e9_add_flow_run_alerts.py,100.0,A
src/prefect/server/database/_migrations/versions/postgresql/2025_02_05_152418_a03d00b8e275_add_slug_column_to_deployment_schedule.py,100.0,A
src/prefect/server/database/_migrations/versions/postgresql/2023_04_04_132534_3bf47e3ce2dd_add_index_on_log.py,100.0,A
src/prefect/server/database/_migrations/versions/postgresql/2022_08_07_134410_77eb737fc759_add_work_queue_name_to_runs.py,100.0,A
src/prefect/server/database/_migrations/versions/postgresql/2022_02_21_111050_d115556a8ab6_index_flowrun_flow_runner_type.py,100.0,A
src/prefect/server/database/_migrations/versions/postgresql/2024_04_04_094418_bd6efa529f03_add_deployment_version_to_flow_run.py,100.0,A
src/prefect/server/database/_migrations/versions/postgresql/2023_09_06_085747_50f8c182c3ca_.py,100.0,A
src/prefect/server/database/_migrations/versions/postgresql/2021_01_20_122127_25f4b90a7a42_initial_migration.py,100.0,A
src/prefect/server/database/_migrations/versions/postgresql/2022_04_23_132803_d38c5e6a9115_rename_block_to_blockbasis_and_.py,100.0,A
src/prefect/server/database/_migrations/versions/postgresql/2022_04_20_113011_605ebb4e9155_add_flow_run_state_name.py,100.0,A
src/prefect/server/database/_migrations/versions/postgresql/2024_09_16_152051_eaec5004771f_add_deployment_to_global_concurrency_.py,100.0,A
src/prefect/server/database/_migrations/versions/postgresql/2022_07_29_181713_fa985d474982_add_index_to_flow_run_infrastructure_.py,100.0,A
src/prefect/server/database/_migrations/versions/postgresql/2025_02_03_125146_c163acd7e8e3_add_parameters_column_to_deployment_.py,100.0,A
src/prefect/server/database/_migrations/versions/postgresql/2022_08_06_145817_60e428f92a75_expand_deployment_schema_for_improved_ux.py,100.0,A
src/prefect/server/database/_migrations/versions/postgresql/2022_07_06_152528_4cdc2ba709a4_migrates_block_schemas_with_new_secrets_.py,71.06991323701764,A
src/prefect/server/database/_migrations/versions/postgresql/2024_07_15_145240_7495a5013e7e_adding_scope_to_followers.py,100.0,A
src/prefect/server/database/_migrations/versions/postgresql/2022_06_21_093732_29ad9bef6147_adds_indexes_for_block_filtering.py,100.0,A
src/prefect/server/database/_migrations/versions/postgresql/2023_03_20_175243_aa84ac237ce8_remove_artifact_uq.py,100.0,A
src/prefect/server/database/_migrations/versions/postgresql/2023_02_08_151958_cfdfec5d7557_remove_artifact_fk.py,100.0,A
src/prefect/server/database/_migrations/versions/postgresql/2024_05_21_101457_94622c1663e8_json_variables.py,100.0,A
src/prefect/server/database/_migrations/versions/postgresql/2023_09_20_134544_db0eb3973a54_adds_enforce_parameter_schema_column_to_.py,100.0,A
src/prefect/server/database/_migrations/versions/postgresql/2022_07_25_214717_4ff2f2bf81f4_adds_block_type_slug.py,72.34695230718268,A
src/prefect/server/database/_migrations/versions/postgresql/2024_03_05_122228_121699507574_add_job_variables_column_to_flow_runs.py,100.0,A
src/prefect/server/database/_migrations/versions/postgresql/2023_01_26_152801_0a1250a5aa25_expand_work_queue_table.py,100.0,A
src/prefect/server/database/_migrations/versions/postgresql/2023_11_20_084708_9c493c02ca6d_add_trgm_index_to_block_document_name.py,100.0,A
src/prefect/server/database/_migrations/versions/postgresql/2022_07_19_160058_bb4dc90d3e29_renames_existing_block_types.py,85.69342314511928,A
src/prefect/server/database/_migrations/versions/postgresql/2022_06_08_121753_3a7c41d3b464_adds_description_and_code_example_to_.py,100.0,A
src/prefect/server/database/_migrations/versions/postgresql/2022_08_07_154550_7737221bf8a4_fix_concurrency_limit_tag_index_name.py,100.0,A
src/prefect/server/database/_migrations/versions/postgresql/2022_07_07_112809_e905fd199258_removes_debugprintnotification_block_.py,100.0,A
src/prefect/server/database/_migrations/versions/postgresql/2024_09_11_090317_555ed31b284d_add_concurrency_options.py,100.0,A
src/prefect/server/database/_migrations/versions/postgresql/2023_01_25_164028_9326a6aee18b_add_cancelling_to_state_type_enum.py,100.0,A
src/prefect/server/database/_migrations/versions/postgresql/2023_09_25_121806_05ea6f882b1d_remove_flow_run_id_requirement_from_task_run.py,100.0,A
src/prefect/server/database/_migrations/versions/postgresql/2023_03_20_185238_d20618ce678e_add_artifact_collection_table.py,100.0,A
src/prefect/server/database/_migrations/versions/postgresql/2023_09_21_130125_4e9a6f93eb6c_make_slot_decay_per_second_not_nullable.py,100.0,A
src/prefect/server/database/_migrations/versions/postgresql/2023_10_12_224511_bfe653bbf62e_add_last_polled_to_deployment.py,100.0,A
src/prefect/server/database/_migrations/versions/postgresql/2022_11_18_161056_5d526270ddb4_add_flowrun_infrastructure_pid.py,100.0,A
src/prefect/server/database/_migrations/versions/postgresql/2023_12_07_095320_733ca1903976_create_flow_run_input_table.py,100.0,A
src/prefect/server/database/_migrations/versions/postgresql/2022_06_29_135432_813ddf14e2de_add_descriptions_to_deployments.py,100.0,A
src/prefect/server/database/_migrations/versions/postgresql/2023_01_26_045501_2882cd2df464_create_migration_index.py,82.11597221904863,A
src/prefect/server/database/_migrations/versions/postgresql/2022_05_26_135743_724e6dcc6b5d_add_block_schema_capabilities.py,78.65790257842012,A
src/prefect/server/database/_migrations/versions/postgresql/2022_06_20_123921_7296741dff68_add_protected_column_for_block_types.py,100.0,A
src/prefect/server/database/_migrations/versions/postgresql/2023_04_06_122716_15f5083c16bd_migrate_artifact_data.py,88.35331375163673,A
src/prefect/server/database/_migrations/versions/postgresql/2024_04_09_132036_954db7517015_trigger_in_index.py,100.0,A
src/prefect/server/database/_migrations/versions/postgresql/2022_10_19_093902_6d548701edef_add_created_by.py,100.0,A
src/prefect/server/database/_migrations/versions/postgresql/2022_02_13_125213_679e695af6ba_add_configurations.py,100.0,A
src/prefect/server/database/_migrations/versions/postgresql/2023_03_15_153039_4a1a0e4f89de_add_artifact_description_col.py,100.0,A
src/prefect/server/database/_migrations/versions/postgresql/2023_12_07_121416_7c453555d3a5_make_flowruninput_flow_run_id_a_foreign_.py,100.0,A
src/prefect/server/database/_migrations/versions/postgresql/2022_11_05_180555_54c1876c68ae_add_index_for_scheduled_deployments.py,100.0,A
src/prefect/server/database/_migrations/versions/postgresql/2022_08_18_102804_2d5e000696f1_adds_block_schema_version.py,100.0,A
src/prefect/server/database/_migrations/versions/postgresql/2023_01_08_180142_d481d5058a19_rename_worker_pools_to_work_pools.py,100.0,A
src/prefect/server/database/_migrations/versions/postgresql/2022_10_12_102048_22b7cb02e593_add_state_timestamp.py,80.55933335946801,A
src/prefect/server/database/_migrations/versions/postgresql/2022_05_30_112549_cdcb4018dd0e_rename_run_alerts_to_run_notifications.py,100.0,A
src/prefect/server/database/_migrations/versions/postgresql/2023_01_26_045502_2882cd2df466_cleanup_artifact_migration.py,100.0,A
src/prefect/server/database/_migrations/versions/postgresql/2022_04_21_095519_14dc68cc5853_backfill_state_name.py,91.95514771992437,A
src/prefect/server/database/_migrations/versions/postgresql/2022_02_20_103844_4799f657a6a1_add_block_spec_table.py,100.0,A
src/prefect/server/database/_migrations/versions/postgresql/2022_07_25_233637_add97ce1937d_update_deployments_to_include_more_.py,100.0,A
src/prefect/server/database/_migrations/versions/postgresql/2023_10_30_075026_cef24af2ec34_add_block_type_name_to_block_document.py,86.83330500353873,A
src/prefect/server/database/_migrations/versions/postgresql/2023_04_05_134520_310dda75f561_add_variables.py,100.0,A
src/prefect/server/database/_migrations/versions/postgresql/2024_04_09_125658_916718e8330f_automation_event_follower.py,100.0,A
src/prefect/server/database/_migrations/versions/postgresql/2022_11_24_143620_f7587d6c5776_add_worker_tables.py,100.0,A
src/prefect/server/database/_migrations/versions/postgresql/2022_11_10_171740_8caf7c1fd82c_add_coalesced_start_time_indices.py,100.0,A
src/prefect/server/database/_migrations/versions/postgresql/2023_08_02_133838_5f623ddbf7fe_create_concurrency_limit_v2_table.py,100.0,A
src/prefect/server/database/_migrations/versions/postgresql/2022_10_19_165110_8ea825da948d_track_retries_restarts.py,100.0,A
src/prefect/server/database/_migrations/versions/postgresql/2022_10_31_161719_41e5ed9e1034_.py,100.0,A
src/prefect/server/database/_migrations/versions/postgresql/2024_08_14_150111_97429116795e_add_deployment_concurrency_limit.py,100.0,A
src/prefect/server/database/_migrations/versions/postgresql/2024_04_10_194742_15768c2ec702_add_events_and_event_resources_tables.py,100.0,A
src/prefect/server/database/_migrations/versions/postgresql/2023_01_31_133052_2a88656f4a23_clean_up_work_queue_migration.py,100.0,A
src/prefect/server/database/_migrations/versions/postgresql/2022_07_21_205820_0cf7311d6ea6_add_crashed_state_type.py,100.0,A
src/prefect/server/database/_migrations/versions/postgresql/2022_08_01_211251_97e212ea6545_add_deployment_version.py,100.0,A
src/prefect/server/database/_migrations/versions/postgresql/2022_11_23_092449_5e4f924ff96c_add_paused_state_type.py,100.0,A
src/prefect/server/database/_migrations/versions/postgresql/2024_11_15_150706_68a44144428d_add_labels_column_to_flow_flowrun_.py,100.0,A
src/prefect/server/database/_migrations/versions/postgresql/2024_04_03_112409_aeea5ee6f070_automations_models.py,100.0,A
src/prefect/server/database/_migrations/versions/postgresql/2022_03_10_102713_2e7e1428ffce_index_flow_created.py,100.0,A
src/prefect/server/database/_migrations/versions/postgresql/2022_06_29_152219_2f46fc3f3beb_remove_name_column_for_notification_.py,100.0,A
src/prefect/server/database/_migrations/versions/postgresql/2024_01_05_101034_6b63c51c31b4_add_sender_to_flowruninput.py,100.0,A
src/prefect/server/database/_migrations/versions/postgresql/2023_04_04_172310_6a1eb3d442e4_add_cols_to_artifact_collection.py,100.0,A
src/prefect/server/database/_migrations/versions/postgresql/2024_04_23_094748_7ae9e431e67a_work_status_fields.py,100.0,A
src/prefect/server/database/_migrations/versions/postgresql/2022_06_13_104234_61c76ee09e02_add_anonymous_column_for_block_documents.py,100.0,A
src/prefect/server/database/_migrations/versions/postgresql/2022_02_21_150017_b68b3cad6b8a_add_block_spec_id_to_blocks.py,100.0,A
src/prefect/server/database/_migrations/versions/postgresql/2024_04_25_155240_8905262ec07f_worker_status_field.py,100.0,A
src/prefect/server/database/_migrations/versions/postgresql/2024_12_04_165333_5d03c01be85e_sync_orm_models_and_migrations.py,100.0,A
src/prefect/server/database/_migrations/versions/postgresql/2022_07_21_133134_e085c9cbf8ce_remove_flow_runners.py,100.0,A
src/prefect/server/database/_migrations/versions/postgresql/2022_05_28_081821_2fe6fe6ca16e_adds_block_schema_references_and_block_.py,71.79630388589703,A
src/prefect/server/database/_migrations/versions/postgresql/2022_02_19_205543_d9d98a9ebb6f_rename_block_data_table.py,100.0,A
src/prefect/server/database/_migrations/versions/sqlite/2022_10_14_172612_ad4b1b4d1e9d_index_deployment_created.py,100.0,A
src/prefect/server/database/_migrations/versions/sqlite/2024_04_25_155120_a8e62d4c72cf_worker_status_field.py,100.0,A
src/prefect/server/database/_migrations/versions/sqlite/2022_08_06_130009_296e2665785f_expand_deployment_schema_for_improved_ux.py,100.0,A
src/prefect/server/database/_migrations/versions/sqlite/2023_09_25_121806_8167af8df781_remove_flow_run_id_requirement_from_task_run.py,100.0,A
src/prefect/server/database/_migrations/versions/sqlite/2024_04_23_094701_75c8f17b8b51_work_status_fields.py,100.0,A
src/prefect/server/database/_migrations/versions/sqlite/2023_01_12_000043_f92143d30c26_migrate_artifact_data.py,75.46033162279693,A
src/prefect/server/database/_migrations/versions/sqlite/2022_05_19_165808_33439667aeea_add_block_schema_capabilities.py,74.71602618935803,A
src/prefect/server/database/_migrations/versions/sqlite/2023_04_04_115150_553920ec20e9_add_index_on_log.py,100.0,A
src/prefect/server/database/_migrations/versions/sqlite/2022_08_01_211039_24bb2e4a195c_add_deployment_version.py,100.0,A
src/prefect/server/database/_migrations/versions/sqlite/2024_09_16_162719_4ad4658cbefe_add_deployment_to_global_concurrency_.py,100.0,A
src/prefect/server/database/_migrations/versions/sqlite/2022_10_20_101423_3ced59d8806b_add_last_polled.py,100.0,A
src/prefect/server/database/_migrations/versions/sqlite/2022_07_25_151028_88c2112b668f_update_deployments_to_include_more_.py,100.0,A
src/prefect/server/database/_migrations/versions/sqlite/2023_03_20_153925_1d7441c031d0_remove_uq_from_artifact_table.py,100.0,A
src/prefect/server/database/_migrations/versions/sqlite/2023_01_12_000042_f92143d30c24_implement_artifact_table.py,100.0,A
src/prefect/server/database/_migrations/versions/sqlite/2024_08_14_145052_f93e1439f022_add_deployment_concurrency_limit.py,100.0,A
src/prefect/server/database/_migrations/versions/sqlite/2024_04_03_111618_07ed05dfd4ec_automations_models.py,100.0,A
src/prefect/server/database/_migrations/versions/sqlite/2023_04_05_134301_3d46e23593d6_add_variables.py,100.0,A
src/prefect/server/database/_migrations/versions/sqlite/2022_05_30_100855_d76326ed0d06_rename_run_alerts_to_run_notifications.py,100.0,A
src/prefect/server/database/_migrations/versions/sqlite/2022_02_15_211737_28ae48128c75_add_configurations.py,100.0,A
src/prefect/server/database/_migrations/versions/sqlite/2022_08_07_134138_575634b7acd4_add_work_queue_name_to_runs.py,100.0,A
src/prefect/server/database/_migrations/versions/sqlite/2022_08_07_154319_53c19b31aa09_fix_name_on_concurrency_limit_tag_idx.py,100.0,A
src/prefect/server/database/_migrations/versions/sqlite/2023_04_04_172555_3e1eb8281d5e_add_cols_to_artifact_collection.py,100.0,A
src/prefect/server/database/_migrations/versions/sqlite/2023_01_12_000044_f92143d30c27_cleanup_artifact_migration.py,100.0,A
src/prefect/server/database/_migrations/versions/sqlite/2023_10_30_103720_22ef3915ccd8_index_and_backfill_block_type_name.py,90.57953518275286,A
src/prefect/server/database/_migrations/versions/sqlite/2022_07_14_113138_56be24fdb383_removing_default_storage_block_document.py,100.0,A
src/prefect/server/database/_migrations/versions/sqlite/2022_04_19_181604_7f5f335cace3_add_flow_run_state_name.py,100.0,A
src/prefect/server/database/_migrations/versions/sqlite/2022_02_04_093838_619bea85701a_block_data.py,100.0,A
src/prefect/server/database/_migrations/versions/sqlite/2022_02_17_151416_7c91cb86dc4e_add_agents_and_work_queues.py,100.0,A
src/prefect/server/database/_migrations/versions/sqlite/2023_08_02_113813_5b0bd3b41a23_create_concurrency_limit_v2_table.py,100.0,A
src/prefect/server/database/_migrations/versions/sqlite/2024_03_13_111316_bacc60edce16_create_csrf_token_toble.py,100.0,A
src/prefect/server/database/_migrations/versions/sqlite/2022_10_19_155810_af52717cf201_track_retries_restarts.py,100.0,A
src/prefect/server/database/_migrations/versions/sqlite/2024_11_15_151042_5952a5498b51_add_labels_column_to_flow_flowrun_.py,100.0,A
src/prefect/server/database/_migrations/versions/sqlite/2022_06_21_093640_a205b458d997_adds_indexes_for_block_filtering.py,100.0,A
src/prefect/server/database/_migrations/versions/sqlite/2022_06_29_151832_42762c37b7bc_remove_name_column_for_notification_.py,100.0,A
src/prefect/server/database/_migrations/versions/sqlite/2023_04_05_120713_340f457b315f_add_column_to_deployments_for_pull_steps.py,100.0,A
src/prefect/server/database/_migrations/versions/sqlite/2023_01_25_114348_b9bda9f142f1_expand_work_queue_table.py,100.0,A
src/prefect/server/database/_migrations/versions/sqlite/2022_06_13_103943_2d900af9cd07_add_anonymous_column_for_block_documents.py,100.0,A
src/prefect/server/database/_migrations/versions/sqlite/2024_04_04_114538_8644a9595a08_add_deployment_version_to_flow_run.py,100.0,A
src/prefect/server/database/_migrations/versions/sqlite/2023_01_31_105442_1678f2fb8b33_work_queue_data_migration.py,57.49584741080057,A
src/prefect/server/database/_migrations/versions/sqlite/2023_03_01_165551_f3df94dca3cc_remove_flowrun_deployment_fk.py,100.0,A
src/prefect/server/database/_migrations/versions/sqlite/2023_01_31_132409_bfe42b7090d6_clean_up_work_queue_migration.py,100.0,A
src/prefect/server/database/_migrations/versions/sqlite/2025_02_05_152431_07ecde74d74d_add_slug_column_to_deployment_schedule.py,100.0,A
src/prefect/server/database/_migrations/versions/sqlite/2023_11_20_084708_9c493c02ca6d_add_trgm_index_to_block_document_name.py,100.0,A
src/prefect/server/database/_migrations/versions/sqlite/2022_06_08_121702_84892301571a_adds_description_and_code_example_to_.py,100.0,A
src/prefect/server/database/_migrations/versions/sqlite/2023_01_12_000043_f92143d30c25_create_migration_index.py,81.28785680229785,A
src/prefect/server/database/_migrations/versions/sqlite/2022_02_19_210255_4c4a6a138053_rename_block_data_table.py,100.0,A
src/prefect/server/database/_migrations/versions/sqlite/2023_03_20_194204_422f8ba9541d_add_artifact_idx.py,100.0,A
src/prefect/server/database/_migrations/versions/sqlite/2022_07_11_113314_638cbcc2a158_add_infrastructure_block_id_to_.py,100.0,A
src/prefect/server/database/_migrations/versions/sqlite/2022_02_20_103610_e1ff4973a9eb_add_block_spec_table.py,100.0,A
src/prefect/server/database/_migrations/versions/sqlite/2022_05_28_081650_e73c6f1fe752_adds_block_schema_referecnes_and_block_.py,71.23366791966839,A
src/prefect/server/database/_migrations/versions/sqlite/2022_07_20_113451_2fe8ef6a6514_remove_flow_runners.py,100.0,A
src/prefect/server/database/_migrations/versions/sqlite/2022_07_06_142824_e2dae764a603_migrates_block_schemas_with_new_secrets_.py,71.06991323701764,A
src/prefect/server/database/_migrations/versions/sqlite/2022_04_23_114831_fd966d4ad99c_rename_block_to_blockbasis_and_.py,100.0,A
src/prefect/server/database/_migrations/versions/sqlite/2022_06_20_123823_dff8da7a6c2c_add_protected_column_for_block_types.py,100.0,A
src/prefect/server/database/_migrations/versions/sqlite/2022_07_19_153432_628a873f0d1a_renames_existing_block_types.py,85.69342314511928,A
src/prefect/server/database/_migrations/versions/sqlite/2022_06_04_104048_f65b6ad0b869_add_indexes_for_partial_name_matches.py,100.0,A
src/prefect/server/database/_migrations/versions/sqlite/2022_07_07_111208_061c7e518b40_removes_debugprintnotification_block_.py,100.0,A
src/prefect/server/database/_migrations/versions/sqlite/2023_03_15_123850_cf1159bd0d3c_add_artifact_description_col.py,100.0,A
src/prefect/server/database/_migrations/versions/sqlite/2023_01_08_175327_bb38729c471a_rename_worker_pools_to_work_pools.py,100.0,A
src/prefect/server/database/_migrations/versions/sqlite/2024_04_09_131832_2b6c2b548f95_trigger_in_index.py,100.0,A
src/prefect/server/database/_migrations/versions/sqlite/2022_11_05_180619_a0284438370e_add_index_for_scheduled_deployments.py,100.0,A
src/prefect/server/database/_migrations/versions/sqlite/2024_07_15_145350_354f1ede7e9f_adding_scope_to_followers.py,100.0,A
src/prefect/server/database/_migrations/versions/sqlite/2022_11_24_143302_fe77ad0dda06_add_worker_tables.py,100.0,A
src/prefect/server/database/_migrations/versions/sqlite/2024_03_05_115258_342220764f0b_add_job_variables_column_to_flow_runs.py,100.0,A
src/prefect/server/database/_migrations/versions/sqlite/2022_10_12_102048_22b7cb02e593_add_state_timestamp.py,81.37982073102314,A
src/prefect/server/database/_migrations/versions/sqlite/2024_04_09_125712_cc510aec4689_automation_event_follower.py,100.0,A
src/prefect/server/database/_migrations/versions/sqlite/2022_11_18_161332_7201de756d85_add_flowrun_infrastructure_pid.py,100.0,A
src/prefect/server/database/_migrations/versions/sqlite/2023_10_30_075026_cef24af2ec34_add_block_type_name_to_block_document.py,100.0,A
src/prefect/server/database/_migrations/versions/sqlite/2023_02_08_152028_8d148e44e669_remove_artifact_fk.py,100.0,A
src/prefect/server/database/_migrations/versions/sqlite/2023_09_06_084729_c2d001b7dd06_.py,100.0,A
src/prefect/server/database/_migrations/versions/sqlite/2025_02_03_125228_67f886da208e_add_parameters_column_to_deployment_.py,100.0,A
src/prefect/server/database/_migrations/versions/sqlite/2022_07_25_142515_f335f9633eec_adds_block_type_slug.py,70.63226187022597,A
src/prefect/server/database/_migrations/versions/sqlite/2022_05_12_203158_888a0bb0df7b_add_flow_run_alerts.py,100.0,A
src/prefect/server/database/_migrations/versions/sqlite/2023_12_07_095112_a299308852a7_create_flow_run_input_table.py,100.0,A
src/prefect/server/database/_migrations/versions/sqlite/2022_06_17_204530_9e2a1c08c6f1_add_block_schema_indexes.py,100.0,A
src/prefect/server/database/_migrations/versions/sqlite/2022_11_10_165921_4f90ad6349bd_add_coalesced_start_time_indices.py,100.0,A
src/prefect/server/database/_migrations/versions/sqlite/2024_12_04_144924_a49711513ad4_sync_orm_models_and_migrations.py,100.0,A
src/prefect/server/database/_migrations/versions/sqlite/2023_03_20_184534_b9aafc3ab936_add_artifact_collection_table.py,100.0,A
src/prefect/server/database/_migrations/versions/sqlite/2022_02_21_111238_f327e877e423_index_flowrun_flow_runner_type.py,100.0,A
src/prefect/server/database/_migrations/versions/sqlite/2024_01_22_120214_265eb1a2da4c_create_deployment_schedule_and_add_.py,100.0,A
src/prefect/server/database/_migrations/versions/sqlite/2024_09_11_090106_7d6350aea855_add_concurrency_options.py,100.0,A
src/prefect/server/database/_migrations/versions/sqlite/2023_09_21_121806_8167af8df781_make_slot_decay_per_second_not_nullable.py,100.0,A
src/prefect/server/database/_migrations/versions/sqlite/2022_04_25_135207_b75d279ba985_replace_version_with_checksum.py,62.80380828160585,A
src/prefect/server/database/_migrations/versions/sqlite/2023_09_20_134145_ef674d598dd3_adds_enforce_parameter_schema_column_to_.py,100.0,A
src/prefect/server/database/_migrations/versions/sqlite/2023_10_12_175815_f3165ae0a213_add_last_polled_to_deployment.py,100.0,A
src/prefect/server/database/_migrations/versions/sqlite/2024_01_05_101041_c63a0a6dc787_add_sender_to_flowruninput.py,100.0,A
src/prefect/server/database/_migrations/versions/sqlite/2024_04_10_104304_824e9edafa60_adds_events_tables.py,100.0,A
src/prefect/server/database/_migrations/versions/sqlite/2022_03_10_102500_71a57ec351d1_index_flow_created.py,100.0,A
src/prefect/server/database/_migrations/versions/sqlite/2022_04_21_113057_db6bde582447_backfill_state_name.py,91.8935841948172,A
src/prefect/server/database/_migrations/versions/sqlite/2022_07_29_181111_905134444e17_add_index_to_flow_run_infrastructure_.py,100.0,A
src/prefect/server/database/_migrations/versions/sqlite/2022_10_19_093542_fa319f214160_add_created_by.py,100.0,A
src/prefect/server/database/_migrations/versions/sqlite/2022_02_21_145916_c8ff35f94028_add_block_spec_id_to_blocks.py,100.0,A
src/prefect/server/database/_migrations/versions/sqlite/2024_05_21_123101_2ac65f1758c2_json_variables.py,100.0,A
src/prefect/server/database/_migrations/versions/sqlite/2024_05_01_103824_20fbd53b3cef_add_catchup_fields_to_deploymentschedule.py,100.0,A
src/prefect/server/database/_migrations/versions/sqlite/2022_01_20_115236_9725c1cbee35_initial_migration.py,100.0,A
src/prefect/server/database/_migrations/versions/sqlite/2023_04_06_122659_2dbcec43c857_migrate_artifact_data.py,87.34679754891364,A
src/prefect/server/database/_migrations/versions/sqlite/2022_06_29_133432_3bd87ecdac38_add_descriptions_to_deployments.py,100.0,A
src/prefect/server/database/_migrations/versions/sqlite/2023_12_07_121624_35659cc49969_make_flowruninput_flow_run_id_a_foreign_.py,100.0,A
src/prefect/server/database/_migrations/versions/sqlite/2022_08_18_102527_e757138e954a_adds_block_schema_version.py,100.0,A
src/prefect/server/events/jinja_filters.py,80.54864395648724,A
src/prefect/server/events/__init__.py,100.0,A
src/prefect/server/events/filters.py,17.2790106999206,B
src/prefect/server/events/messaging.py,71.1798587432269,A
src/prefect/server/events/stream.py,60.48882385245942,A
src/prefect/server/events/ordering.py,62.19987529956059,A
src/prefect/server/events/triggers.py,30.33601520088762,A
src/prefect/server/events/actions.py,0.0,C
src/prefect/server/events/pipeline.py,100.0,A
src/prefect/server/events/counting.py,47.777974329581234,A
src/prefect/server/events/clients.py,41.860763579640526,A
src/prefect/server/events/services/__init__.py,100.0,A
src/prefect/server/events/services/event_persister.py,51.75344814054156,A
src/prefect/server/events/services/triggers.py,49.563637718388286,A
src/prefect/server/events/services/actions.py,53.418294437250694,A
src/prefect/server/events/services/event_logger.py,50.289253251837486,A
src/prefect/server/events/models/__init__.py,100.0,A
src/prefect/server/events/models/composite_trigger_child_firing.py,53.271842392837705,A
src/prefect/server/events/models/automations.py,39.80650726353326,A
src/prefect/server/events/schemas/labelling.py,68.20128399902056,A
src/prefect/server/events/schemas/__init__.py,100.0,A
src/prefect/server/events/schemas/automations.py,23.50080350182756,A
src/prefect/server/events/schemas/events.py,33.63882855230199,A
src/prefect/server/events/storage/database.py,56.602706571371264,A
src/prefect/server/events/storage/__init__.py,77.16541921600754,A
src/prefect/logging/configuration.py,76.34496774545535,A
src/prefect/logging/highlighters.py,73.44035148431033,A
src/prefect/logging/__init__.py,100.0,A
src/prefect/logging/filters.py,100.0,A
src/prefect/logging/loggers.py,56.866187387930296,A
src/prefect/logging/handlers.py,53.92949521724549,A
src/prefect/logging/formatters.py,72.55303969933986,A
src/prefect/testing/docker.py,100.0,A
src/prefect/testing/cli.py,57.03284189543447,A
src/prefect/testing/utilities.py,57.38766480134315,A
src/prefect/testing/__init__.py,100.0,A
src/prefect/testing/fixtures.py,46.66819469562353,A
src/prefect/testing/standard_test_suites/blocks.py,70.65567072503579,A
src/prefect/testing/standard_test_suites/__init__.py,100.0,A
src/prefect/runtime/deployment.py,67.21588877866037,A
src/prefect/runtime/flow_run.py,43.44291497849494,A
src/prefect/runtime/__init__.py,100.0,A
src/prefect/runtime/task_run.py,62.80921377234308,A
src/prefect/events/related.py,49.50673696459986,A
src/prefect/events/utilities.py,77.73542265651788,A
src/prefect/events/worker.py,59.8514864042277,A
src/prefect/events/__init__.py,100.0,A
src/prefect/events/filters.py,34.90349232140241,A
src/prefect/events/actions.py,51.17437073597261,A
src/prefect/events/clients.py,31.581321009093493,A
src/prefect/events/schemas/labelling.py,68.20128399902056,A
src/prefect/events/schemas/__init__.py,100.0,A
src/prefect/events/schemas/automations.py,46.8766786022573,A
src/prefect/events/schemas/events.py,37.65502839989246,A
src/prefect/events/schemas/deployment_triggers.py,100.0,A
src/prefect/events/cli/__init__.py,100.0,A
src/prefect/events/cli/automations.py,50.01909668966605,A
